{"cameraMode":{"drawMode":0,"name":"Shaded","section":"Shading Mode"},"sceneLighting":false,"audioPlay":false,"sceneViewState":{"showFog":true,"showMaterialUpdate":false,"showSkybox":false,"showFlares":true,"showImageEffects":true,"showParticleSystems":true},"in2DMode":false,"pivot":{"x":0.8820563554763794,"y":-0.010018721222877503,"z":0.6618750095367432},"rotation":{"x":0.03629725053906441,"y":-0.01735992357134819,"z":0.000657703320030123,"w":0.9992130398750305},"size":0.8660253882408142,"orthographic":false}